child_sha,parent_sha
576418e76108de0da59c1a1e2cc1316b92158bee,2cefd8b2fb6a29cedbb9a99fbb012019cca313a0
2cefd8b2fb6a29cedbb9a99fbb012019cca313a0,636d8b702f947671b8d982ad47fd08437f3896a6
2cefd8b2fb6a29cedbb9a99fbb012019cca313a0,6cfc3d2ef777d41a7975ffd89eb4e7cbd4a4fcea
636d8b702f947671b8d982ad47fd08437f3896a6,7644b4c30427466c588741d80c0d0a36d0534829
636d8b702f947671b8d982ad47fd08437f3896a6,b54dad73324b36d237b020fa28ddc6d6d15ef965
7644b4c30427466c588741d80c0d0a36d0534829,52311cce4f72cef136a8b9d5495ca8d58c4f4191
6cfc3d2ef777d41a7975ffd89eb4e7cbd4a4fcea,2fd041076cfff73f8432f9d2d13161047c9cc9c4
2fd041076cfff73f8432f9d2d13161047c9cc9c4,b54dad73324b36d237b020fa28ddc6d6d15ef965
b54dad73324b36d237b020fa28ddc6d6d15ef965,52311cce4f72cef136a8b9d5495ca8d58c4f4191
3a05ea850ce904d0eba7547bf31adfe64673af41,ce175dd11f4f6949b27f12a8757c8fb9b92c5781
3a05ea850ce904d0eba7547bf31adfe64673af41,576418e76108de0da59c1a1e2cc1316b92158bee
ce175dd11f4f6949b27f12a8757c8fb9b92c5781,6cfc3d2ef777d41a7975ffd89eb4e7cbd4a4fcea
6cfc3d2ef777d41a7975ffd89eb4e7cbd4a4fcea,2fd041076cfff73f8432f9d2d13161047c9cc9c4
2fd041076cfff73f8432f9d2d13161047c9cc9c4,b54dad73324b36d237b020fa28ddc6d6d15ef965
b54dad73324b36d237b020fa28ddc6d6d15ef965,52311cce4f72cef136a8b9d5495ca8d58c4f4191
